{
	"credit": "Made By DoveStone",
	"textures": {
		"1": "qc_scythe",
		"particle": "qc_scythe"
	},
	"elements": [
		{
			"from": [7.75, 2, 8],
			"to": [8.25, 18, 8.5],
			"rotation": {"angle": 0, "axis": "y", "origin": [8, 2, 7]},
			"faces": {
				"north": {"uv": [13, 13, 16, 16], "texture": "#1"},
				"east": {"uv": [13.25, 12.5, 16, 16], "texture": "#1"},
				"south": {"uv": [12.25, 11.75, 16, 16], "texture": "#1"},
				"west": {"uv": [12, 12.25, 16, 16], "texture": "#1"},
				"up": {"uv": [0, 0, 2, 2], "texture": "#1"},
				"down": {"uv": [0, 0, 2, 2], "texture": "#1"}
			}
		},
		{
			"from": [7.5, 17, 7.75],
			"to": [8.5, 19, 8.75],
			"rotation": {"angle": 0, "axis": "y", "origin": [7, 17, 7]},
			"faces": {
				"north": {"uv": [14.25, 14, 16, 16], "texture": "#1"},
				"east": {"uv": [13.25, 13.25, 13.75, 14.25], "texture": "#1"},
				"south": {"uv": [13.25, 13.25, 14, 14.25], "texture": "#1"},
				"west": {"uv": [13.25, 13.25, 13.75, 14.25], "texture": "#1"},
				"up": {"uv": [13.25, 13.25, 14, 13.75], "texture": "#1"},
				"down": {"uv": [13.25, 13.25, 14, 13.75], "texture": "#1"}
			}
		},
		{
			"from": [7.5, 19, 7.75],
			"to": [8.5, 21, 8.75],
			"rotation": {"angle": 0, "axis": "y", "origin": [7, 19, 7]},
			"faces": {
				"north": {"uv": [14.25, 14, 16, 16], "texture": "#1"},
				"east": {"uv": [13.25, 13.25, 13.75, 14.25], "texture": "#1"},
				"south": {"uv": [13.25, 13.25, 14, 14.25], "texture": "#1"},
				"west": {"uv": [13.25, 13.25, 13.75, 14.25], "texture": "#1"},
				"up": {"uv": [13.25, 13.25, 14, 13.75], "texture": "#1"},
				"down": {"uv": [13.25, 13.25, 14, 13.75], "texture": "#1"}
			}
		},
		{
			"from": [7.25, 21, 7.75],
			"to": [8.75, 23, 8.75],
			"rotation": {"angle": 0, "axis": "y", "origin": [7, 21, 7]},
			"faces": {
				"north": {"uv": [14.75, 2.25, 9.5, 6.5], "texture": "#1"},
				"east": {"uv": [13.25, 13.5, 13.75, 14.5], "texture": "#1"},
				"south": {"uv": [13.25, 13.5, 14, 14.5], "texture": "#1"},
				"west": {"uv": [13.25, 13.5, 13.75, 14.5], "texture": "#1"},
				"up": {"uv": [13.25, 13.5, 14, 14], "texture": "#1"},
				"down": {"uv": [13.25, 13.5, 14, 14], "texture": "#1"}
			}
		},
		{
			"from": [7.5, 23, 7.75],
			"to": [9, 25, 8.75],
			"rotation": {"angle": 0, "axis": "y", "origin": [8, 23, 7]},
			"faces": {
				"north": {"uv": [5.75, 2.5, 10.5, 9.75], "texture": "#1"},
				"east": {"uv": [14, 13.5, 14.5, 14.5], "texture": "#1"},
				"south": {"uv": [14, 13.5, 14.75, 14.5], "texture": "#1"},
				"west": {"uv": [14, 13.5, 14.5, 14.5], "texture": "#1"},
				"up": {"uv": [14, 13.5, 14.75, 14], "texture": "#1"},
				"down": {"uv": [14, 13.5, 14.75, 14], "texture": "#1"}
			}
		},
		{
			"from": [7.25, 25, 8.251],
			"to": [8.75, 27, 8.251],
			"rotation": {"angle": 0, "axis": "y", "origin": [7, 25, 7]},
			"faces": {
				"north": {"uv": [10.25, 4, 14.75, 8.25], "texture": "#1"},
				"east": {"uv": [14.25, 13.5, 14.75, 14.5], "texture": "#1"},
				"south": {"uv": [14.25, 13.5, 15, 14.5], "texture": "#1"},
				"west": {"uv": [14.25, 13.5, 14.75, 14.5], "texture": "#1"},
				"up": {"uv": [14.25, 13.5, 15, 14], "texture": "#1"},
				"down": {"uv": [14.25, 13.5, 15, 14], "texture": "#1"}
			}
		},
		{
			"from": [2.5, 15.5, 8.25],
			"to": [13.5, 32, 8.25],
			"rotation": {"angle": 0, "axis": "y", "origin": [7, 21, 7]},
			"faces": {
				"north": {"uv": [0, 0, 5, 8.5], "texture": "#1"},
				"east": {"uv": [0, 0, 0, 8.25], "texture": "#1"},
				"south": {"uv": [5, 0, 0, 8.5], "texture": "#1"},
				"west": {"uv": [0, 0, 0, 8.25], "texture": "#1"},
				"up": {"uv": [0, 0, 5.5, 0], "texture": "#1"},
				"down": {"uv": [0, 0, 5.5, 0], "texture": "#1"}
			}
		},
		{
			"from": [8.5, 22.5, 8.25],
			"to": [19.5, 26, 8.25],
			"rotation": {"angle": 0, "axis": "y", "origin": [13, 18, 7]},
			"faces": {
				"north": {"uv": [0, 11.25, 11.375, 15.75], "texture": "#1"},
				"east": {"uv": [0, 0, 0, 8.25], "texture": "#1"},
				"south": {"uv": [11.375, 11.25, 0, 15.75], "texture": "#1"},
				"west": {"uv": [0, 0, 0, 8.25], "texture": "#1"},
				"up": {"uv": [0, 0, 5.5, 0], "texture": "#1"},
				"down": {"uv": [0, 0, 5.5, 0], "texture": "#1"}
			}
		},
		{
			"from": [8.5, 16, 8],
			"to": [9, 19, 8.5],
			"rotation": {"angle": 0, "axis": "y", "origin": [9, 17, 7]},
			"faces": {
				"north": {"uv": [14.5, 13.25, 14.75, 14.75], "texture": "#1"},
				"east": {"uv": [14.5, 13.25, 14.75, 14.75], "texture": "#1"},
				"south": {"uv": [14.5, 13.25, 14.75, 14.75], "texture": "#1"},
				"west": {"uv": [14.5, 13.25, 14.75, 14.75], "texture": "#1"},
				"up": {"uv": [14.5, 13.25, 14.75, 13.5], "texture": "#1"},
				"down": {"uv": [14.5, 13.25, 14.75, 13.5], "texture": "#1"}
			}
		},
		{
			"from": [9, 23.5, 8],
			"to": [10, 24, 8.5],
			"rotation": {"angle": 0, "axis": "z", "origin": [9, 24, 7]},
			"faces": {
				"north": {"uv": [14.5, 13.25, 14.75, 14.75], "rotation": 270, "texture": "#1"},
				"east": {"uv": [14.5, 13.25, 14.75, 13.5], "rotation": 90, "texture": "#1"},
				"south": {"uv": [14.5, 13.25, 14.75, 14.75], "rotation": 90, "texture": "#1"},
				"west": {"uv": [14.5, 13.25, 14.75, 13.5], "rotation": 90, "texture": "#1"},
				"up": {"uv": [14.5, 13.25, 14.75, 14.75], "rotation": 90, "texture": "#1"},
				"down": {"uv": [14.5, 13.25, 14.75, 14.75], "rotation": 90, "texture": "#1"}
			}
		},
		{
			"from": [7, 16, 8],
			"to": [7.5, 19, 8.5],
			"rotation": {"angle": 0, "axis": "y", "origin": [7, 17, 7]},
			"faces": {
				"north": {"uv": [14.75, 13.5, 15, 15], "texture": "#1"},
				"east": {"uv": [14.75, 13.5, 15, 15], "texture": "#1"},
				"south": {"uv": [14.75, 13.5, 15, 15], "texture": "#1"},
				"west": {"uv": [14.75, 13.5, 15, 15], "texture": "#1"},
				"up": {"uv": [14.75, 13.5, 15, 13.75], "texture": "#1"},
				"down": {"uv": [14.75, 13.5, 15, 13.75], "texture": "#1"}
			}
		},
		{
			"from": [8, 0, 7.74],
			"to": [10, 2, 8.74],
			"rotation": {"angle": 45, "axis": "z", "origin": [8, 0, 7]},
			"faces": {
				"north": {"uv": [13.75, 13, 14.75, 14], "texture": "#1"},
				"east": {"uv": [14.5, 13, 15, 14.5], "texture": "#1"},
				"south": {"uv": [14.5, 13, 15.5, 14.5], "texture": "#1"},
				"west": {"uv": [14.5, 13, 15, 14.5], "texture": "#1"},
				"up": {"uv": [14.5, 13, 15.5, 14], "texture": "#1"},
				"down": {"uv": [14.5, 13, 15.5, 14], "texture": "#1"}
			}
		}
	],
	"gui_light": "front",
	"display": {
		"thirdperson_righthand": {
			"rotation": [-7, 134, 0]
		},
		"thirdperson_lefthand": {
			"rotation": [180, 180, 180]
		},
		"firstperson_righthand": {
			"rotation": [109, 0, 0],
			"translation": [8.75, -6, -3.25]
		},
		"fixed": {
			"rotation": [-3.56, 3.91, 39.75],
			"translation": [2.5, -4.5, 0],
			"scale": [0.8332, 0.69, 0.56859]
		}
	}
}