{
	"credit": "Made with Blockbench",
	"texture_size": [32, 32],
	"textures": {
		"2": "./diamond_warglaive",
		"particle": "./diamond_warglaive"
	},
	"elements": [
		{
			"from": [-1, 8, -2.5],
			"to": [-1, 24, 1.5],
			"rotation": {"angle": 0, "axis": "x", "origin": [0, 12, 0]},
			"faces": {
				"north": {"uv": [0, 0, 0, 8], "texture": "#2"},
				"east": {"uv": [2, 0, 0, 8], "texture": "#2"},
				"south": {"uv": [0, 0, 0, 8], "texture": "#2"},
				"west": {"uv": [0, 0, 2, 8], "texture": "#2"},
				"up": {"uv": [0, 2, 0, 0], "rotation": 180, "texture": "#2"},
				"down": {"uv": [0, 0, 0, 2], "rotation": 180, "texture": "#2"}
			}
		},
		{
			"from": [-1, -14, -2.5],
			"to": [-1, 2, 1.5],
			"rotation": {"angle": 0, "axis": "x", "origin": [0, -10, 0]},
			"faces": {
				"north": {"uv": [0, 0, 0, 8], "texture": "#2"},
				"east": {"uv": [2, 8, 0, 0], "texture": "#2"},
				"south": {"uv": [0, 0, 0, 8], "texture": "#2"},
				"west": {"uv": [0, 8, 2, 0], "texture": "#2"},
				"up": {"uv": [0, 2, 0, 0], "rotation": 180, "texture": "#2"},
				"down": {"uv": [0, 0, 0, 2], "rotation": 180, "texture": "#2"}
			}
		},
		{
			"from": [-2.5, 8, -2],
			"to": [0.5, 8, 1],
			"rotation": {"angle": 0, "axis": "x", "origin": [0.5, 2, 0]},
			"faces": {
				"north": {"uv": [0, 0, 1.5, 0], "texture": "#2"},
				"east": {"uv": [0, 0, 1.5, 0], "texture": "#2"},
				"south": {"uv": [0, 0, 1.5, 0], "texture": "#2"},
				"west": {"uv": [0, 0, 1.5, 0], "texture": "#2"},
				"up": {"uv": [8.5, 7.5, 7, 6], "rotation": 180, "texture": "#2"},
				"down": {"uv": [9, 0, 7.5, 1.5], "rotation": 180, "texture": "#2"}
			}
		},
		{
			"from": [-2.5, 2, -2],
			"to": [0.5, 2, 1],
			"rotation": {"angle": 0, "axis": "x", "origin": [0.5, -4, 0]},
			"faces": {
				"north": {"uv": [0, 0, 1.5, 0], "texture": "#2"},
				"east": {"uv": [0, 0, 1.5, 0], "texture": "#2"},
				"south": {"uv": [0, 0, 1.5, 0], "texture": "#2"},
				"west": {"uv": [0, 0, 1.5, 0], "texture": "#2"},
				"up": {"uv": [8.5, 7.5, 7, 6], "rotation": 180, "texture": "#2"},
				"down": {"uv": [8.5, 6, 7, 7.5], "rotation": 180, "texture": "#2"}
			}
		},
		{
			"from": [-2, 1, -2],
			"to": [0, 2, -2],
			"rotation": {"angle": 0, "axis": "x", "origin": [0, 1, -2]},
			"faces": {
				"north": {"uv": [9, 2, 10, 2.5], "texture": "#2"},
				"east": {"uv": [0, 0, 0, 0.5], "texture": "#2"},
				"south": {"uv": [9, 2, 10, 2.5], "texture": "#2"},
				"west": {"uv": [0, 0, 0, 0.5], "texture": "#2"},
				"up": {"uv": [0, 0, 1, 0], "rotation": 180, "texture": "#2"},
				"down": {"uv": [0, 0, 1, 0], "rotation": 180, "texture": "#2"}
			}
		},
		{
			"from": [-2, 8, -2],
			"to": [0, 9, -2],
			"rotation": {"angle": 0, "axis": "x", "origin": [0, 8, -2]},
			"faces": {
				"north": {"uv": [9, 2, 10, 2.5], "texture": "#2"},
				"east": {"uv": [0, 0, 0, 0.5], "texture": "#2"},
				"south": {"uv": [9, 2.5, 10, 2], "texture": "#2"},
				"west": {"uv": [0, 0, 0, 0.5], "texture": "#2"},
				"up": {"uv": [0, 0, 1, 0], "rotation": 180, "texture": "#2"},
				"down": {"uv": [0, 0, 1, 0], "rotation": 180, "texture": "#2"}
			}
		},
		{
			"from": [-2, 2, -1],
			"to": [0, 8, 1],
			"rotation": {"angle": 0, "axis": "x", "origin": [0, 2, 0]},
			"faces": {
				"north": {"uv": [4, 6, 5, 9], "texture": "#2"},
				"east": {"uv": [5, 6, 6, 9], "texture": "#2"},
				"south": {"uv": [5.5, 0, 6.5, 3], "texture": "#2"},
				"west": {"uv": [5.5, 3, 6.5, 6], "texture": "#2"},
				"up": {"uv": [1, 9, 0, 8], "rotation": 180, "texture": "#2"},
				"down": {"uv": [2, 8, 1, 9], "rotation": 180, "texture": "#2"}
			}
		}
	],
	"display": {
		"thirdperson_righthand": {
			"translation": [8.5, 1, 9]
		},
		"thirdperson_lefthand": {
			"translation": [-9.5, 1, 9]
		},
		"firstperson_righthand": {
			"rotation": [-10, 1.75, 24],
			"translation": [21, 0, 0.75]
		},
		"firstperson_lefthand": {
			"rotation": [-10, 1.75, 16],
			"translation": [7.5, -5.75, 1.25],
			"scale": [0.79, 1, 1]
		},
		"ground": {
			"rotation": [90, -90, 0],
			"translation": [-5.75, -9.75, -2.5]
		},
		"gui": {
			"rotation": [-88.68, 42.79, -100.93],
			"translation": [4, 5.25, 0.75],
			"scale": [1.47, 0.57, 0.93]
		},
		"head": {
			"rotation": [90, 0, -90],
			"translation": [-7, -6, -7]
		},
		"fixed": {
			"rotation": [90, -39.5, 90],
			"translation": [-6.75, -6, 10.75],
			"scale": [1.1, 0.63, 1.1]
		}
	},
	"groups": [
		{
			"name": "group",
			"origin": [0, 1, -1],
			"color": 0,
			"children": [0, 1, 2, 3, 4, 5, 6]
		}
	]
}