{
	"credit": "Made with Blockbench",
	"texture_size": [32, 32],
	"textures": {
		"1": "item/diamond_sword",
		"particle": "item/diamond_sword"
	},
	"elements": [
		{
			"from": [7, 1, 6],
			"to": [9, 2, 6],
			"rotation": {"angle": 0, "axis": "y", "origin": [7, 1, 6]},
			"faces": {
				"north": {"uv": [9, 2, 10, 2.5], "texture": "#1"},
				"east": {"uv": [0, 0, 0, 0.5], "texture": "#1"},
				"south": {"uv": [9, 2, 10, 2.5], "texture": "#1"},
				"west": {"uv": [0, 0, 0, 0.5], "texture": "#1"},
				"up": {"uv": [0, 0, 1, 0], "texture": "#1"},
				"down": {"uv": [0, 0, 1, 0], "texture": "#1"}
			}
		},
		{
			"from": [8, 8, 5.5],
			"to": [8, 24, 9.5],
			"rotation": {"angle": 0, "axis": "y", "origin": [7, 12, 7]},
			"faces": {
				"north": {"uv": [0, 0, 0, 8], "texture": "#1"},
				"east": {"uv": [0, 0, 2, 8], "texture": "#1"},
				"south": {"uv": [0, 0, 0, 8], "texture": "#1"},
				"west": {"uv": [2, 0, 0, 8], "texture": "#1"},
				"up": {"uv": [0, 2, 0, 0], "texture": "#1"},
				"down": {"uv": [0, 0, 0, 2], "texture": "#1"}
			}
		},
		{
			"from": [7, 8, 6],
			"to": [9, 9, 6],
			"rotation": {"angle": 0, "axis": "y", "origin": [7, 8, 6]},
			"faces": {
				"north": {"uv": [9, 2.5, 10, 2], "texture": "#1"},
				"east": {"uv": [0, 0, 0, 0.5], "texture": "#1"},
				"south": {"uv": [9, 2, 10, 2.5], "texture": "#1"},
				"west": {"uv": [0, 0, 0, 0.5], "texture": "#1"},
				"up": {"uv": [0, 0, 1, 0], "texture": "#1"},
				"down": {"uv": [0, 0, 1, 0], "texture": "#1"}
			}
		},
		{
			"from": [7, 2, 6],
			"to": [9, 8, 8],
			"rotation": {"angle": 0, "axis": "y", "origin": [7, 2, 7]},
			"faces": {
				"north": {"uv": [5.5, 0, 6.5, 3], "texture": "#1"},
				"east": {"uv": [5.5, 3, 6.5, 6], "texture": "#1"},
				"south": {"uv": [4, 6, 5, 9], "texture": "#1"},
				"west": {"uv": [5, 6, 6, 9], "texture": "#1"},
				"up": {"uv": [1, 9, 0, 8], "texture": "#1"},
				"down": {"uv": [2, 8, 1, 9], "texture": "#1"}
			}
		},
		{
			"from": [6.5, 2, 6],
			"to": [9.5, 2, 9],
			"rotation": {"angle": 0, "axis": "y", "origin": [6.5, -4, 7]},
			"faces": {
				"north": {"uv": [0, 0, 1.5, 0], "texture": "#1"},
				"east": {"uv": [0, 0, 1.5, 0], "texture": "#1"},
				"south": {"uv": [0, 0, 1.5, 0], "texture": "#1"},
				"west": {"uv": [0, 0, 1.5, 0], "texture": "#1"},
				"up": {"uv": [8, 4.5, 6.5, 3], "texture": "#1"},
				"down": {"uv": [8, 4.5, 6.5, 6], "texture": "#1"}
			}
		},
		{
			"from": [6.5, 8, 6],
			"to": [9.5, 8, 9],
			"rotation": {"angle": 0, "axis": "y", "origin": [6.5, 2, 7]},
			"faces": {
				"north": {"uv": [0, 0, 1.5, 0], "texture": "#1"},
				"east": {"uv": [0, 0, 1.5, 0], "texture": "#1"},
				"south": {"uv": [0, 0, 1.5, 0], "texture": "#1"},
				"west": {"uv": [0, 0, 1.5, 0], "texture": "#1"},
				"up": {"uv": [8.5, 7.5, 7, 6], "texture": "#1"},
				"down": {"uv": [9, 0, 7.5, 1.5], "texture": "#1"}
			}
		},
		{
			"from": [7, 0, 6.5],
			"to": [9, 2, 8.5],
			"rotation": {"angle": 0, "axis": "y", "origin": [8, 1, 7]},
			"faces": {
				"north": {"uv": [8, 2.5, 9, 3.5], "texture": "#1"},
				"east": {"uv": [3, 8, 4, 9], "texture": "#1"},
				"south": {"uv": [8, 3.5, 9, 4.5], "texture": "#1"},
				"west": {"uv": [2, 8, 3, 9], "texture": "#1"},
				"up": {"uv": [9, 5.5, 8, 4.5], "rotation": 270, "texture": "#1"},
				"down": {"uv": [9.5, 5.5, 8.5, 6.5], "rotation": 90, "texture": "#1"}
			}
		}
	],
	"display": {
		"thirdperson_righthand": {
			"rotation": [180, 0, -6],
			"translation": [0.75, -5, 0.75]
		},
		"thirdperson_lefthand": {
			"rotation": [-175.52, 1.57, 3.48],
			"translation": [-0.25, -4.75, 0.5]
		},
		"firstperson_righthand": {
			"rotation": [-6, -180, 180],
			"translation": [9.75, -9.25, -7.25]
		},
		"firstperson_lefthand": {
			"rotation": [-1, 0, 180],
			"translation": [5, -6.5, -2.75]
		},
		"ground": {
			"rotation": [83, -91, -1],
			"translation": [-5.75, -2.5, -2.5]
		},
		"gui": {
			"rotation": [95, 49, 71],
			"translation": [2.75, 1, 0],
			"scale": [0.75, 0.75, 0.75]
		},
		"head": {
			"rotation": [90, 0, -90],
			"translation": [-7, -6, -7]
		},
		"fixed": {
			"rotation": [90, -45, -89],
			"translation": [-4, 1, 0.25],
			"scale": [0.93, 1, 1]
		}
	},
	"groups": [
		{
			"name": "group",
			"origin": [8, 8, 8],
			"color": 0,
			"children": [0, 1, 2, 3, 4, 5, 6]
		}
	]
}