{
	"credit": "Hosted by Cosmetica",
	"textures": {
		"4": "./purple_scythe",
		"particle": "./purple_scythe"
	},
	"elements": [
		{
			"from": [7.878, 3.01, 9.323],
			"to": [8.528, 3.659, 10.296],
			"rotation": {"angle": 0, "axis": "y", "origin": [15.597, 23.625, 16.113]},
			"faces": {
				"north": {"uv": [7.75, 12.40625, 7.875, 12.625], "texture": "#4"},
				"east": {"uv": [8.125, 12.40625, 7.75, 12.625], "texture": "#4"},
				"south": {"uv": [8, 12.40625, 8.125, 12.625], "texture": "#4"},
				"west": {"uv": [7.75, 12.40625, 8.125, 12.625], "texture": "#4"},
				"up": {"uv": [7.875, 5.125, 8, 5.25], "rotation": 270, "texture": "#4"},
				"down": {"uv": [0, 0, 0.75, 0.75], "rotation": 90, "texture": "#4"}
			}
		},
		{
			"from": [7.794, 1.062, 8.998],
			"to": [8.605, 3.01, 10.621],
			"rotation": {"angle": 0, "axis": "y", "origin": [15.597, 23.625, 16.113]},
			"faces": {
				"north": {"uv": [7.625, 12.625, 7.75, 13.375], "texture": "#4"},
				"east": {"uv": [8.25, 12.625, 7.625, 13.375], "texture": "#4"},
				"south": {"uv": [8.125, 12.625, 8.25, 13.375], "texture": "#4"},
				"west": {"uv": [7.625, 12.625, 8.25, 13.375], "texture": "#4"},
				"up": {"uv": [8.25, 12.625, 7.625, 12.75], "rotation": 270, "texture": "#4"},
				"down": {"uv": [8.25, 13.25, 7.625, 13.375], "rotation": 90, "texture": "#4"}
			}
		},
		{
			"from": [7.878, 20.212, 9.323],
			"to": [8.528, 21.186, 10.296],
			"rotation": {"angle": 0, "axis": "y", "origin": [15.597, 23.625, 16.113]},
			"faces": {
				"north": {"uv": [7.75, 5.625, 7.875, 6], "texture": "#4"},
				"east": {"uv": [8.125, 5.625, 7.75, 6], "texture": "#4"},
				"south": {"uv": [8, 5.625, 8.125, 6], "texture": "#4"},
				"west": {"uv": [7.75, 5.625, 8.125, 6], "texture": "#4"},
				"up": {"uv": [7.875, 5.125, 8, 5.25], "rotation": 270, "texture": "#4"},
				"down": {"uv": [7.625, 5.125, 7.75, 5.25], "rotation": 90, "texture": "#4"}
			}
		},
		{
			"from": [7.878, 21.186, 9.322],
			"to": [8.528, 22.484, 10.296],
			"rotation": {"angle": 0, "axis": "y", "origin": [15.597, 23.625, 17.113]},
			"faces": {
				"north": {"uv": [7.625, 5.125, 7.75, 5.625], "texture": "#4"},
				"east": {"uv": [8, 5.125, 7.625, 5.625], "texture": "#4"},
				"south": {"uv": [7.875, 5.125, 8, 5.625], "texture": "#4"},
				"west": {"uv": [7.625, 5.125, 8, 5.625], "texture": "#4"},
				"up": {"uv": [7.625, 5.125, 7.75, 5.25], "rotation": 270, "texture": "#4"},
				"down": {"uv": [7.625, 5.125, 7.75, 5.25], "rotation": 90, "texture": "#4"}
			}
		},
		{
			"from": [7.878, 26.703, 8.024],
			"to": [8.528, 28.326, 8.674],
			"rotation": {"angle": 0, "axis": "y", "origin": [15.597, 23.625, 16.113]},
			"faces": {
				"north": {"uv": [7.25, 2.875, 7.375, 3.5], "texture": "#4"},
				"east": {"uv": [7.5, 2.875, 7.25, 3.5], "texture": "#4"},
				"south": {"uv": [7.375, 3.375, 7.5, 3.5], "texture": "#4"},
				"west": {"uv": [7.25, 2.875, 7.5, 3.5], "texture": "#4"},
				"up": {"uv": [7, 2.875, 7.125, 3], "rotation": 270, "texture": "#4"},
				"down": {"uv": [7.5, 2.625, 7.625, 2.75], "rotation": 90, "texture": "#4"}
			}
		},
		{
			"from": [7.878, 28.975, 9.647],
			"to": [8.528, 30.274, 9.972],
			"rotation": {"angle": 0, "axis": "y", "origin": [15.597, 23.625, 16.113]},
			"faces": {
				"north": {"uv": [7.875, 2.125, 8, 2.625], "texture": "#4"},
				"east": {"uv": [7.875, 2.125, 8, 2.625], "texture": "#4"},
				"south": {"uv": [7.875, 2.125, 8, 2.625], "texture": "#4"},
				"west": {"uv": [7.875, 2.125, 8, 2.625], "texture": "#4"},
				"up": {"uv": [7, 2.875, 7.125, 3], "rotation": 270, "texture": "#4"},
				"down": {"uv": [7.375, 3.375, 7.5, 3.5], "rotation": 90, "texture": "#4"}
			}
		},
		{
			"from": [7.878, 28.326, 8.349],
			"to": [8.528, 28.651, 8.998],
			"rotation": {"angle": 0, "axis": "y", "origin": [15.597, 23.625, 16.113]},
			"faces": {
				"north": {"uv": [7, 2.875, 7.125, 3], "texture": "#4"},
				"east": {"uv": [7.625, 2.75, 7.375, 2.875], "texture": "#4"},
				"south": {"uv": [7.875, 11.625, 8.125, 13.75], "texture": "#4"},
				"west": {"uv": [7.375, 2.75, 7.625, 2.875], "texture": "#4"},
				"up": {"uv": [7, 2.875, 7.125, 3], "rotation": 270, "texture": "#4"},
				"down": {"uv": [0, 0, 0.75, 0.75], "rotation": 90, "texture": "#4"}
			}
		},
		{
			"from": [7.878, 26.379, 8.349],
			"to": [8.528, 26.703, 8.998],
			"rotation": {"angle": 0, "axis": "y", "origin": [15.597, 23.625, 16.113]},
			"faces": {
				"north": {"uv": [7.5, 2.625, 7.625, 2.75], "texture": "#4"},
				"east": {"uv": [7.625, 3.5, 7.375, 3.625], "texture": "#4"},
				"south": {"uv": [7.375, 3.375, 7.5, 3.5], "texture": "#4"},
				"west": {"uv": [7.375, 3.5, 7.625, 3.625], "texture": "#4"},
				"up": {"uv": [7.375, 3.375, 7.5, 3.5], "rotation": 270, "texture": "#4"},
				"down": {"uv": [7.5, 2.625, 7.625, 2.75], "rotation": 90, "texture": "#4"}
			}
		},
		{
			"from": [7.878, 28.651, 8.674],
			"to": [8.528, 28.975, 9.323],
			"rotation": {"angle": 0, "axis": "y", "origin": [15.597, 23.625, 16.113]},
			"faces": {
				"north": {"uv": [7.5, 2.625, 7.625, 2.75], "texture": "#4"},
				"east": {"uv": [7.75, 2.625, 7.5, 2.75], "texture": "#4"},
				"south": {"uv": [7.875, 11.625, 8.125, 13.75], "texture": "#4"},
				"west": {"uv": [7.5, 2.625, 7.75, 2.75], "texture": "#4"},
				"up": {"uv": [7.5, 2.625, 7.625, 2.75], "rotation": 270, "texture": "#4"},
				"down": {"uv": [0, 0, 0.75, 0.75], "rotation": 90, "texture": "#4"}
			}
		},
		{
			"from": [7.878, 28.002, 6.077],
			"to": [8.528, 28.651, 6.726],
			"rotation": {"angle": 0, "axis": "y", "origin": [15.597, 23.625, 16.113]},
			"faces": {
				"north": {"uv": [6.5, 2.875, 6.625, 3], "texture": "#4"},
				"east": {"uv": [6.75, 2.75, 6.5, 3], "texture": "#4"},
				"south": {"uv": [6.625, 2.75, 6.75, 2.875], "texture": "#4"},
				"west": {"uv": [6.5, 2.75, 6.75, 3], "texture": "#4"},
				"up": {"uv": [6.5, 2.75, 6.625, 2.875], "rotation": 270, "texture": "#4"},
				"down": {"uv": [6.5, 2.875, 6.625, 3], "rotation": 90, "texture": "#4"}
			}
		},
		{
			"from": [7.878, 5.606, 9.323],
			"to": [8.528, 6.58, 10.296],
			"rotation": {"angle": 0, "axis": "y", "origin": [15.597, 23.625, 16.113]},
			"faces": {
				"north": {"uv": [7.75, 11.28125, 7.875, 11.625], "texture": "#4"},
				"east": {"uv": [8.125, 11.28125, 7.75, 11.625], "texture": "#4"},
				"south": {"uv": [8, 11.28125, 8.125, 11.625], "texture": "#4"},
				"west": {"uv": [7.75, 11.28125, 8.125, 11.625], "texture": "#4"},
				"up": {"uv": [7.625, 5.125, 7.75, 5.25], "rotation": 270, "texture": "#4"},
				"down": {"uv": [7.875, 5.125, 8, 5.25], "rotation": 90, "texture": "#4"}
			}
		},
		{
			"from": [7.878, 28.326, 5.752],
			"to": [8.528, 28.975, 6.077],
			"rotation": {"angle": 0, "axis": "y", "origin": [15.597, 23.625, 16.113]},
			"faces": {
				"north": {"uv": [6.375, 2.625, 6.5, 2.75], "texture": "#4"},
				"east": {"uv": [6.375, 2.625, 6.5, 2.875], "texture": "#4"},
				"south": {"uv": [6.375, 2.625, 6.5, 2.75], "texture": "#4"},
				"west": {"uv": [6.375, 2.625, 6.5, 2.875], "texture": "#4"},
				"up": {"uv": [6.375, 2.625, 6.5, 2.75], "rotation": 270, "texture": "#4"},
				"down": {"uv": [6.375, 2.625, 6.5, 2.75], "rotation": 90, "texture": "#4"}
			}
		},
		{
			"from": [7.878, 22.484, 9.323],
			"to": [8.528, 26.703, 10.296],
			"rotation": {"angle": 0, "axis": "y", "origin": [15.597, 23.625, 16.113]},
			"faces": {
				"north": {"uv": [7.75, 3.5, 7.875, 5.125], "texture": "#4"},
				"east": {"uv": [8.125, 3.5, 7.75, 5.125], "texture": "#4"},
				"south": {"uv": [8, 3.5, 8.125, 5.125], "texture": "#4"},
				"west": {"uv": [7.75, 3.5, 8.125, 5.125], "texture": "#4"},
				"up": {"uv": [0, 0, 0.75, 0.75], "rotation": 270, "texture": "#4"},
				"down": {"uv": [7.875, 5.125, 8, 5.25], "rotation": 90, "texture": "#4"}
			}
		},
		{
			"from": [7.878, 3.659, 8.998],
			"to": [8.528, 5.606, 9.972],
			"rotation": {"angle": 0, "axis": "y", "origin": [15.597, 23.625, 16.113]},
			"faces": {
				"north": {"uv": [7.625, 11.65625, 7.75, 12.375], "texture": "#4"},
				"east": {"uv": [8, 11.65625, 7.625, 12.375], "texture": "#4"},
				"south": {"uv": [7.875, 11.65625, 8, 12.375], "texture": "#4"},
				"west": {"uv": [7.625, 11.65625, 8, 12.375], "texture": "#4"},
				"up": {"uv": [7.625, 5.125, 7.75, 5.25], "rotation": 270, "texture": "#4"},
				"down": {"uv": [7.625, 5.125, 7.75, 5.25], "rotation": 90, "texture": "#4"}
			}
		},
		{
			"from": [7.878, 27.677, 6.726],
			"to": [8.528, 28.326, 8.024],
			"rotation": {"angle": 0, "axis": "y", "origin": [15.597, 23.625, 16.113]},
			"faces": {
				"north": {"uv": [6.5, 2.875, 6.625, 3], "texture": "#4"},
				"east": {"uv": [7.25, 2.875, 6.75, 3.125], "texture": "#4"},
				"south": {"uv": [7.875, 11.625, 8.125, 13.75], "texture": "#4"},
				"west": {"uv": [6.75, 2.875, 7.25, 3.125], "texture": "#4"},
				"up": {"uv": [7, 2.875, 7.125, 3], "rotation": 270, "texture": "#4"},
				"down": {"uv": [6.5, 2.875, 6.625, 3], "rotation": 90, "texture": "#4"}
			}
		},
		{
			"from": [7.554, 22.808, 8.998],
			"to": [8.852, 23.458, 10.621],
			"rotation": {"angle": 0, "axis": "y", "origin": [15.597, 23.625, 16.113]},
			"faces": {
				"north": {"uv": [7.875, 10.5, 8.375, 10.75], "texture": "#4"},
				"east": {"uv": [7.75, 10.5, 8.375, 10.75], "texture": "#4"},
				"south": {"uv": [7.875, 10.5, 8.375, 10.75], "texture": "#4"},
				"west": {"uv": [7.75, 10.5, 8.375, 10.75], "texture": "#4"},
				"up": {"uv": [8.25, 10.5, 8.375, 10.625], "rotation": 270, "texture": "#4"},
				"down": {"uv": [8.25, 10.625, 8.375, 10.75], "rotation": 90, "texture": "#4"}
			}
		},
		{
			"from": [7.554, 23.782, 8.998],
			"to": [8.852, 24.431, 10.621],
			"rotation": {"angle": 0, "axis": "y", "origin": [15.597, 23.625, 16.113]},
			"faces": {
				"north": {"uv": [7.875, 10.5, 8.375, 10.75], "texture": "#4"},
				"east": {"uv": [7.75, 10.5, 8.375, 10.75], "texture": "#4"},
				"south": {"uv": [7.875, 10.5, 8.375, 10.75], "texture": "#4"},
				"west": {"uv": [7.75, 10.5, 8.375, 10.75], "texture": "#4"},
				"up": {"uv": [8.25, 10.5, 8.375, 10.625], "rotation": 270, "texture": "#4"},
				"down": {"uv": [8.25, 10.625, 8.375, 10.75], "rotation": 90, "texture": "#4"}
			}
		},
		{
			"from": [7.554, 7.878, 9.323],
			"to": [8.852, 8.527, 10.946],
			"rotation": {"angle": 0, "axis": "y", "origin": [15.597, 23.625, 16.113]},
			"faces": {
				"north": {"uv": [7.875, 10.5, 8.375, 10.75], "texture": "#4"},
				"east": {"uv": [7.75, 10.5, 8.375, 10.75], "texture": "#4"},
				"south": {"uv": [7.875, 10.5, 8.375, 10.75], "texture": "#4"},
				"west": {"uv": [7.75, 10.5, 8.375, 10.75], "texture": "#4"},
				"up": {"uv": [8.25, 10.5, 8.375, 10.625], "rotation": 270, "texture": "#4"},
				"down": {"uv": [8.25, 10.625, 8.375, 10.75], "rotation": 90, "texture": "#4"}
			}
		},
		{
			"from": [7.554, 18.264, 9.323],
			"to": [8.852, 18.914, 10.946],
			"rotation": {"angle": 0, "axis": "y", "origin": [15.597, 23.625, 16.113]},
			"faces": {
				"north": {"uv": [7.875, 10.5, 8.375, 10.75], "texture": "#4"},
				"east": {"uv": [7.75, 10.5, 8.375, 10.75], "texture": "#4"},
				"south": {"uv": [7.875, 10.5, 8.375, 10.75], "texture": "#4"},
				"west": {"uv": [7.75, 10.5, 8.375, 10.75], "texture": "#4"},
				"up": {"uv": [8.25, 10.5, 8.375, 10.625], "rotation": 270, "texture": "#4"},
				"down": {"uv": [8.25, 10.625, 8.375, 10.75], "rotation": 90, "texture": "#4"}
			}
		},
		{
			"from": [7.878, 16.642, 9.647],
			"to": [8.528, 20.212, 10.621],
			"rotation": {"angle": 0, "axis": "y", "origin": [15.597, 23.625, 16.113]},
			"faces": {
				"north": {"uv": [7.875, 6, 8, 7.375], "texture": "#4"},
				"east": {"uv": [8.25, 6, 7.875, 7.375], "texture": "#4"},
				"south": {"uv": [8.125, 6, 8.25, 7.375], "texture": "#4"},
				"west": {"uv": [7.875, 6, 8.25, 7.375], "texture": "#4"},
				"up": {"uv": [7.875, 5.125, 8, 5.25], "rotation": 270, "texture": "#4"},
				"down": {"uv": [8.125, 7.25, 8.25, 7.375], "rotation": 90, "texture": "#4"}
			}
		},
		{
			"from": [7.878, 9.501, 9.972],
			"to": [8.528, 16.642, 10.946],
			"rotation": {"angle": 0, "axis": "y", "origin": [15.597, 23.625, 16.113]},
			"faces": {
				"north": {"uv": [8, 7.375, 8.125, 10.125], "texture": "#4"},
				"east": {"uv": [8.375, 7.375, 8, 10.125], "texture": "#4"},
				"south": {"uv": [8.25, 7.375, 8.375, 10.125], "texture": "#4"},
				"west": {"uv": [8, 7.375, 8.375, 10.125], "texture": "#4"},
				"up": {"uv": [8.125, 7.25, 8.25, 7.375], "rotation": 270, "texture": "#4"},
				"down": {"uv": [8.125, 7.25, 8.25, 7.375], "rotation": 90, "texture": "#4"}
			}
		},
		{
			"from": [7.878, 6.58, 9.647],
			"to": [8.528, 9.501, 10.621],
			"rotation": {"angle": 0, "axis": "y", "origin": [15.597, 23.625, 16.113]},
			"faces": {
				"north": {"uv": [7.875, 10.125, 8, 11.25], "texture": "#4"},
				"east": {"uv": [8.25, 10.125, 7.875, 11.25], "texture": "#4"},
				"south": {"uv": [8.125, 10.125, 8.25, 11.25], "texture": "#4"},
				"west": {"uv": [7.875, 10.125, 8.25, 11.25], "texture": "#4"},
				"up": {"uv": [8.125, 7.25, 8.25, 7.375], "rotation": 270, "texture": "#4"},
				"down": {"uv": [7.875, 5.125, 8, 5.25], "rotation": 90, "texture": "#4"}
			}
		},
		{
			"from": [7.554, 26.703, 9.323],
			"to": [8.852, 27.352, 10.296],
			"rotation": {"angle": 0, "axis": "y", "origin": [15.597, 23.625, 16.113]},
			"faces": {
				"north": {"uv": [7.875, 10.5, 8.375, 10.75], "texture": "#4"},
				"east": {"uv": [8.125, 3.25, 7.75, 3.5], "texture": "#4"},
				"south": {"uv": [7.875, 10.5, 8.375, 10.75], "texture": "#4"},
				"west": {"uv": [7.75, 3.25, 8.125, 3.5], "texture": "#4"},
				"up": {"uv": [8.25, 10.5, 8.375, 10.625], "rotation": 270, "texture": "#4"},
				"down": {"uv": [8.25, 10.625, 8.375, 10.75], "rotation": 90, "texture": "#4"}
			}
		},
		{
			"from": [7.554, 27.352, 8.674],
			"to": [8.852, 28.326, 9.323],
			"rotation": {"angle": 0, "axis": "y", "origin": [15.597, 23.625, 16.113]},
			"faces": {
				"north": {"uv": [7.5, 2.875, 7.625, 3], "texture": "#4"},
				"east": {"uv": [7.75, 2.875, 7.5, 3.25], "texture": "#4"},
				"south": {"uv": [7.875, 10.5, 8.375, 10.75], "texture": "#4"},
				"west": {"uv": [7.5, 2.875, 7.75, 3.25], "texture": "#4"},
				"up": {"uv": [7.5, 3, 7.625, 3.125], "rotation": 270, "texture": "#4"},
				"down": {"uv": [7.5, 3.125, 7.625, 3.25], "rotation": 90, "texture": "#4"}
			}
		},
		{
			"from": [7.554, 24.756, 8.998],
			"to": [8.852, 25.405, 10.621],
			"rotation": {"angle": 0, "axis": "y", "origin": [15.597, 23.625, 16.113]},
			"faces": {
				"north": {"uv": [7.875, 10.5, 8.375, 10.75], "texture": "#4"},
				"east": {"uv": [7.75, 10.5, 8.375, 10.75], "texture": "#4"},
				"south": {"uv": [7.875, 10.5, 8.375, 10.75], "texture": "#4"},
				"west": {"uv": [7.75, 10.5, 8.375, 10.75], "texture": "#4"},
				"up": {"uv": [8.25, 10.5, 8.375, 10.625], "rotation": 270, "texture": "#4"},
				"down": {"uv": [8.25, 10.625, 8.375, 10.75], "rotation": 90, "texture": "#4"}
			}
		},
		{
			"from": [7.554, 27.028, 10.296],
			"to": [8.852, 27.352, 10.621],
			"rotation": {"angle": 0, "axis": "y", "origin": [15.597, 23.625, 16.113]},
			"faces": {
				"north": {"uv": [7.875, 10.5, 8.375, 10.75], "texture": "#4"},
				"east": {"uv": [8.125, 3.25, 8.25, 3.375], "texture": "#4"},
				"south": {"uv": [7.625, 3.25, 7.75, 3.375], "texture": "#4"},
				"west": {"uv": [8.125, 3.25, 8.25, 3.375], "texture": "#4"},
				"up": {"uv": [8.25, 10.5, 8.375, 10.625], "rotation": 270, "texture": "#4"},
				"down": {"uv": [7.625, 3.25, 7.75, 3.375], "rotation": 90, "texture": "#4"}
			}
		},
		{
			"from": [7.554, 28.326, 10.296],
			"to": [8.852, 28.651, 10.621],
			"rotation": {"angle": 0, "axis": "y", "origin": [15.597, 23.625, 16.113]},
			"faces": {
				"north": {"uv": [7.875, 10.5, 8.375, 10.75], "texture": "#4"},
				"east": {"uv": [8.125, 2.75, 8.25, 2.875], "texture": "#4"},
				"south": {"uv": [7.625, 3.25, 7.75, 3.375], "texture": "#4"},
				"west": {"uv": [8.125, 2.75, 8.25, 2.875], "texture": "#4"},
				"up": {"uv": [7.625, 3.25, 7.75, 3.375], "rotation": 270, "texture": "#4"},
				"down": {"uv": [8.25, 10.625, 8.375, 10.75], "rotation": 90, "texture": "#4"}
			}
		},
		{
			"from": [7.554, 28.326, 8.998],
			"to": [8.852, 28.651, 9.323],
			"rotation": {"angle": 0, "axis": "y", "origin": [15.597, 23.625, 16.113]},
			"faces": {
				"north": {"uv": [7.625, 2.75, 7.75, 2.875], "texture": "#4"},
				"east": {"uv": [7.625, 2.75, 7.75, 2.875], "texture": "#4"},
				"south": {"uv": [7.875, 10.5, 8.375, 10.75], "texture": "#4"},
				"west": {"uv": [7.625, 2.75, 7.75, 2.875], "texture": "#4"},
				"up": {"uv": [7.625, 2.75, 7.75, 2.875], "rotation": 270, "texture": "#4"},
				"down": {"uv": [8.25, 10.625, 8.375, 10.75], "rotation": 90, "texture": "#4"}
			}
		},
		{
			"from": [7.554, 27.028, 8.998],
			"to": [8.852, 27.352, 9.323],
			"rotation": {"angle": 0, "axis": "y", "origin": [15.597, 23.625, 16.113]},
			"faces": {
				"north": {"uv": [7.625, 3.25, 7.75, 3.375], "texture": "#4"},
				"east": {"uv": [7.625, 3.25, 7.75, 3.375], "texture": "#4"},
				"south": {"uv": [7.875, 10.5, 8.375, 10.75], "texture": "#4"},
				"west": {"uv": [7.625, 3.25, 7.75, 3.375], "texture": "#4"},
				"up": {"uv": [8.25, 10.5, 8.375, 10.625], "rotation": 270, "texture": "#4"},
				"down": {"uv": [7.625, 3.25, 7.75, 3.375], "rotation": 90, "texture": "#4"}
			}
		},
		{
			"from": [7.554, 28.326, 9.323],
			"to": [8.852, 28.975, 10.296],
			"rotation": {"angle": 0, "axis": "y", "origin": [15.597, 23.625, 16.113]},
			"faces": {
				"north": {"uv": [7.625, 2.75, 7.75, 2.875], "texture": "#4"},
				"east": {"uv": [8.125, 2.625, 7.75, 2.875], "texture": "#4"},
				"south": {"uv": [8, 2.625, 8.125, 2.75], "texture": "#4"},
				"west": {"uv": [7.75, 2.625, 8.125, 2.875], "texture": "#4"},
				"up": {"uv": [7.75, 2.625, 7.875, 2.75], "rotation": 270, "texture": "#4"},
				"down": {"uv": [8.25, 10.625, 8.375, 10.75], "rotation": 90, "texture": "#4"}
			}
		},
		{
			"from": [7.554, 27.352, 10.296],
			"to": [8.852, 28.326, 10.946],
			"rotation": {"angle": 0, "axis": "y", "origin": [15.597, 23.625, 16.113]},
			"faces": {
				"north": {"uv": [7.875, 10.5, 8.375, 10.75], "texture": "#4"},
				"east": {"uv": [8.375, 2.875, 8.125, 3.25], "texture": "#4"},
				"south": {"uv": [7.625, 3.25, 7.75, 3.375], "texture": "#4"},
				"west": {"uv": [8.125, 2.875, 8.375, 3.25], "texture": "#4"},
				"up": {"uv": [7.625, 3.25, 7.75, 3.375], "rotation": 270, "texture": "#4"},
				"down": {"uv": [7.625, 3.25, 7.75, 3.375], "rotation": 90, "texture": "#4"}
			}
		},
		{
			"from": [8.119, 25.379, -6.211],
			"to": [8.119, 30.975, 8.71],
			"rotation": {"angle": 0, "axis": "y", "origin": [15.597, 23.625, 16.113]},
			"faces": {
				"north": {"uv": [6.75, 1.875, 6.625, 2], "texture": "#4"},
				"east": {"uv": [7.5, 1.875, 2.375, 3.625], "texture": "#4"},
				"south": {"uv": [6.75, 1.875, 6.625, 2], "texture": "#4"},
				"west": {"uv": [2.375, 1.875, 7.5, 3.625], "texture": "#4"},
				"up": {"uv": [7, 2.875, 7.125, 3], "rotation": 270, "texture": "#4"},
				"down": {"uv": [6.75, 1.875, 6.625, 2], "rotation": 90, "texture": "#4"}
			}
		},
		{
			"from": [8.119, 30.274, 9.647],
			"to": [8.281, 30.923, 9.972],
			"rotation": {"angle": 0, "axis": "y", "origin": [15.597, 23.625, 16.113]},
			"faces": {
				"north": {"uv": [6.75, 1.875, 6.625, 2], "texture": "#4"},
				"east": {"uv": [7.875, 1.875, 8, 2.125], "texture": "#4"},
				"south": {"uv": [6.75, 1.875, 6.625, 2], "texture": "#4"},
				"west": {"uv": [7.875, 1.875, 8, 2.125], "texture": "#4"},
				"up": {"uv": [6.75, 1.875, 6.625, 2], "rotation": 270, "texture": "#4"},
				"down": {"uv": [6.5, 2.875, 6.625, 3], "rotation": 90, "texture": "#4"}
			}
		},
		{
			"from": [8.119, 28.975, 9.323],
			"to": [8.281, 30.274, 10.296],
			"rotation": {"angle": 0, "axis": "y", "origin": [15.597, 23.625, 16.113]},
			"faces": {
				"north": {"uv": [6.75, 1.875, 6.625, 2], "texture": "#4"},
				"east": {"uv": [8.125, 2.125, 7.75, 2.625], "texture": "#4"},
				"south": {"uv": [6.75, 1.875, 6.625, 2], "texture": "#4"},
				"west": {"uv": [7.75, 2.125, 8.125, 2.625], "texture": "#4"},
				"up": {"uv": [6.75, 1.875, 6.625, 2], "rotation": 270, "texture": "#4"},
				"down": {"uv": [6.5, 2.875, 6.625, 3], "rotation": 90, "texture": "#4"}
			}
		},
		{
			"from": [8.119, 1.387, 10.621],
			"to": [8.281, 2.685, 11.27],
			"rotation": {"angle": 0, "axis": "y", "origin": [15.597, 23.625, 16.113]},
			"faces": {
				"north": {"uv": [6.75, 1.875, 6.625, 2], "texture": "#4"},
				"east": {"uv": [8.5, 12.75, 8.25, 13.25], "texture": "#4"},
				"south": {"uv": [6.75, 1.875, 6.625, 2], "texture": "#4"},
				"west": {"uv": [8.25, 12.75, 8.5, 13.25], "texture": "#4"},
				"up": {"uv": [6.75, 1.875, 6.625, 2], "rotation": 270, "texture": "#4"},
				"down": {"uv": [6.75, 1.875, 6.625, 2], "rotation": 90, "texture": "#4"}
			}
		},
		{
			"from": [8.119, 1.387, 8.024],
			"to": [8.281, 2.685, 8.998],
			"rotation": {"angle": 0, "axis": "y", "origin": [15.597, 23.625, 16.113]},
			"faces": {
				"north": {"uv": [6.75, 1.875, 6.625, 2], "texture": "#4"},
				"east": {"uv": [7.625, 12.75, 7.25, 13.25], "texture": "#4"},
				"south": {"uv": [6.75, 1.875, 6.625, 2], "texture": "#4"},
				"west": {"uv": [7.25, 12.75, 7.625, 13.25], "texture": "#4"},
				"up": {"uv": [6.75, 1.875, 6.625, 2], "rotation": 270, "texture": "#4"},
				"down": {"uv": [6.75, 1.875, 6.625, 2], "rotation": 90, "texture": "#4"}
			}
		},
		{
			"from": [8.119, 1.711, 7.375],
			"to": [8.281, 2.685, 8.024],
			"rotation": {"angle": 0, "axis": "y", "origin": [15.597, 23.625, 16.113]},
			"faces": {
				"north": {"uv": [6.75, 1.875, 6.625, 2], "texture": "#4"},
				"east": {"uv": [7.25, 12.75, 7, 13.125], "texture": "#4"},
				"south": {"uv": [6.75, 1.875, 6.625, 2], "texture": "#4"},
				"west": {"uv": [7, 12.75, 7.25, 13.125], "texture": "#4"},
				"up": {"uv": [6.75, 1.875, 6.625, 2], "rotation": 270, "texture": "#4"},
				"down": {"uv": [6.75, 1.875, 6.625, 2], "rotation": 90, "texture": "#4"}
			}
		},
		{
			"from": [8.119, 2.036, 6.726],
			"to": [8.281, 2.685, 7.375],
			"rotation": {"angle": 0, "axis": "y", "origin": [15.597, 23.625, 16.113]},
			"faces": {
				"north": {"uv": [6.75, 1.875, 6.625, 2], "texture": "#4"},
				"east": {"uv": [7, 12.75, 6.75, 13], "texture": "#4"},
				"south": {"uv": [6.75, 1.875, 6.625, 2], "texture": "#4"},
				"west": {"uv": [6.75, 12.75, 7, 13], "texture": "#4"},
				"up": {"uv": [6.75, 1.875, 6.625, 2], "rotation": 270, "texture": "#4"},
				"down": {"uv": [6.75, 1.875, 6.625, 2], "rotation": 90, "texture": "#4"}
			}
		},
		{
			"from": [8.119, 1.711, 11.27],
			"to": [8.281, 2.36, 11.919],
			"rotation": {"angle": 0, "axis": "y", "origin": [15.597, 23.625, 16.113]},
			"faces": {
				"north": {"uv": [6.75, 1.875, 6.625, 2], "texture": "#4"},
				"east": {"uv": [8.75, 12.875, 8.5, 13.125], "texture": "#4"},
				"south": {"uv": [6.75, 1.875, 6.625, 2], "texture": "#4"},
				"west": {"uv": [8.5, 12.875, 8.75, 13.125], "texture": "#4"},
				"up": {"uv": [6.75, 1.875, 6.625, 2], "rotation": 270, "texture": "#4"},
				"down": {"uv": [6.75, 1.875, 6.625, 2], "rotation": 90, "texture": "#4"}
			}
		},
		{
			"from": [8.119, 2.036, 11.919],
			"to": [8.281, 2.36, 12.568],
			"rotation": {"angle": 0, "axis": "y", "origin": [15.597, 23.625, 16.113]},
			"faces": {
				"north": {"uv": [6.75, 1.875, 6.625, 2], "texture": "#4"},
				"east": {"uv": [9, 12.875, 8.75, 13], "texture": "#4"},
				"south": {"uv": [6.75, 1.875, 6.625, 2], "texture": "#4"},
				"west": {"uv": [8.75, 12.875, 9, 13], "texture": "#4"},
				"up": {"uv": [6.75, 1.875, 6.625, 2], "rotation": 270, "texture": "#4"},
				"down": {"uv": [6.75, 1.875, 6.625, 2], "rotation": 90, "texture": "#4"}
			}
		},
		{
			"from": [8.119, 2.36, 6.402],
			"to": [8.281, 3.01, 6.726],
			"rotation": {"angle": 0, "axis": "y", "origin": [15.597, 23.625, 16.113]},
			"faces": {
				"north": {"uv": [6.75, 1.875, 6.625, 2], "texture": "#4"},
				"east": {"uv": [6.75, 12.625, 6.625, 12.875], "texture": "#4"},
				"south": {"uv": [6.75, 1.875, 6.625, 2], "texture": "#4"},
				"west": {"uv": [6.625, 12.625, 6.75, 12.875], "texture": "#4"},
				"up": {"uv": [6.75, 1.875, 6.625, 2], "rotation": 270, "texture": "#4"},
				"down": {"uv": [6.75, 1.875, 6.625, 2], "rotation": 90, "texture": "#4"}
			}
		},
		{
			"from": [8.119, 26.703, 10.454],
			"to": [8.119, 31.923, 18.428],
			"rotation": {"angle": 0, "axis": "y", "origin": [15.597, 25.625, 22.113]},
			"faces": {
				"north": {"uv": [6.75, 1.875, 6.625, 2], "texture": "#4"},
				"east": {"uv": [11.125, 2, 8.625, 3.375], "texture": "#4"},
				"south": {"uv": [7.875, 11.625, 8.125, 13.75], "texture": "#4"},
				"west": {"uv": [8.625, 2, 11.125, 3.375], "texture": "#4"},
				"up": {"uv": [6.75, 1.875, 6.625, 2], "rotation": 270, "texture": "#4"},
				"down": {"uv": [6.75, 1.875, 6.625, 2], "rotation": 90, "texture": "#4"}
			}
		}
	],
	"display": {
		"thirdperson_righthand": {
			"translation": [-0.25, -6, -2]
		},
		"thirdperson_lefthand": {
			"translation": [0.25, -5.25, -2.25]
		},
		"firstperson_righthand": {
			"rotation": [-51, 28, -170],
			"translation": [-1.75, -9, -3]
		},
		"firstperson_lefthand": {
			"rotation": [180, -74.5, 165],
			"translation": [0, -7, 0]
		},
		"gui": {
			"rotation": [83.04, 39.06, -85.94],
			"translation": [-6.5, -3.75, 0]
		},
		"fixed": {
			"rotation": [-83.32, 43.14, 92.5],
			"translation": [0.25, 4.5, -4],
			"scale": [1.99, 1.5, 1.62]
		}
	},
	"groups": [
		{
			"name": "group",
			"origin": [10.597, 12.625, 16.113],
			"color": 0,
			"children": [0, 1, 2, 3, 4, 5, 6, 7, 8, 9, 10, 11, 12, 13, 14, 15, 16, 17, 18, 19, 20, 21, 22, 23, 24, 25, 26, 27, 28, 29, 30, 31, 32, 33, 34, 35, 36, 37, 38, 39, 40, 41]
		}
	]
}